GCATG,2848
AGCTA,2855
ATTAC,3264
CTGCG,296
GGATA,69
TAGTA,77
AACCA,2851
ACACA,511
CATAT,3277
CTGTC,295
GGCCA,70
TATAC,78
CGATC,2850
AATTA,510
CGAAT,3043
CTTGG,289
GGCTC,71
TCACG,79
TCGAT,2844
ACGGT,512
CGGCT,146
GACAC,291
GTAGT,72
TCAGT,80
TGCAT,2845
ACTGG,513
CGGTA,156
GAGAT,288
GTCCG,73
TCCGG,81
CAACC,2849
ACTTC,872
CGTAC,154
GAGTC,66
GTCGA,74
TCTGC,82
GGTTG,2847
ATACG,3267
CGTCG,147
GCCGT,67
TACCG,75
TGGAA,83
AAGGA,2854
ATGAG,3271
CTGAT,87
GCTGA,68
TACGT,76
TTACC,3272
GCATG,85
AGCTA,111
ATTAC,123
CTGCG,137
GGATA,131
TAGTA,143
AACCA,88
ACACA,112
CATAT,114
CTGTC,141
GGCCA,108
TATAC,145
CGATC,89
AATTA,118
CGAAT,107
CTTGG,149
GGCTC,3044
TCACG,144
TCGAT,47
ACGGT,115
CGGCT,125
GACAC,142
GTAGT,105
TCAGT,140
TGCAT,128
ACTGG,119
CGGTA,124
GAGAT,139
GTCCG,130
TCCGG,150
CAACC,127
ACTTC,122
CGTAC,136
GAGTC,126
GTCGA,134
TCTGC,152
GGTTG,116
ATACG,113
CGTCG,129
GCCGT,133
TACCG,132
TGGAA,153
AAGGA,110
ATGAG,117
CTGAT,138
GCTGA,120
TACGT,151
TTACC,135
